<?xml version="1.0" encoding="UTF-8" standalone="yes"?>
<addon id="plugin.audio.deezer" name="Deezer" version="0.0.3" provider-name="kubatek94">
    <requires>
        <import addon="script.module.requests" version="2.7.0"/>
        <import addon="script.module.yaml" version="3.11.0"/>
    </requires>
    <extension point="xbmc.python.pluginsource" library="addon.py">
        <provides>audio</provides>
    </extension>
    <extension point="xbmc.addon.repository" name="kubatek94's Kodi Repository">
        <info>https://raw.githubusercontent.com/kubatek94/DeezerKodi/master/addons.xml</info>
        <checksum>https://raw.githubusercontent.com/kubatek94/DeezerKodi/master/addons.xml.md5</checksum>
        <datadir zip="true">https://raw.githubusercontent.com/kubatek94/DeezerKodi/master/</datadir>
    </extension>
    <extension point="xbmc.addon.metadata">
        <platform>all</platform>
        <summary lang="en">Deezer online music service</summary>
        <description lang="en">Deezer online music streaming service. Requires Premium account.</description>
        <language>en</language>
        <license>GNU GENERAL PUBLIC LICENSE. Version 3, June 2007</license>
        <email>kubatek94@gmail.com</email>
        <website>https://github.com/kubatek94/DeezerKodi</website>
        <source>https://github.com/kubatek94/DeezerKodi</source>
    </extension>
</addon>
